Nombre,Símbolo,Precio_USD,Market_Cap_USD,Volumen_24h_USD
CoinMarketCap 20 Index DTF,CMC20,151.09,0.0,340191822510.0
Bitcoin,BTC,74344.86,0.0,6.058863632782246e+16
Ethereum,ETH,2176.78,0.0,3.8909747103180897e+18
Tether,USDT,0.9989,0.0,1.2316137424112324e+23
BNB,BNB,742.02,0.0,2.350387381316e+16
XRP,XRP,1.54,0.0,3.4392021152230003e+19
USDC,USDC,0.9998,0.0,1.71280358421713e+21
Solana,SOL,97.69,0.0,4.7182965404829e+17
TRON,TRX,0.2815,0.0,6.4982531723e+18
Dogecoin,DOGE,0.1033,0.0,1.6091436651556e+20
Bitcoin Cash,BCH,515.04,0.0,5301193181020000.0
Cardano,ADA,0.2847,0.0,6.35764949223e+18
Hyperliquid,HYPE,33.04,0.0,1.1099473293358e+17
UNUS SED LEO,LEO,8.7,0.0,4749467545400.0
Monero,XMR,372.37,0.0,115147300309220.0
Aerodrome Finance,AERO,0.377,0.0,2157145057210000.0
AINFT,NFT,0.063468,0.0,0.0
Maple Finance,SYRUP,0.2962,0.0,1855197562620000.0
ether.fi,ETHFI,0.4871,0.0,4147255185120000.0
BitTorrent [New],BTT,0.063432,0.0,0.0
Lido DAO,LDO,0.3994,0.0,3794718495000000.0
Decred,DCR,19.28,0.0,4600767238530.0
FLOKI,FLOKI,3.413e-05,0.0,0.0
Celestia,TIA,0.3606,0.0,3203127888820000.0
The Graph,GRT,0.02898,0.0,2.096659872326e+16
IOTA,IOTA,0.07195,0.0,1.676841223303e+16
Bitcoin SV,BSV,14.63,0.0,200612301370000.0
JasmyCoin,JASMY,0.005903,0.0,2.0811629352e+17
Starknet,STRK,0.05483,0.0,5.356384297676e+16
Gnosis,GNO,108.98,0.0,475149443590.0
Rain,RAIN,0.008808,0.0,4.0212617456e+17
Falcon USD,USDf,0.9939,0.0,73972897440000.0
Jupiter Perps LP,JLP,3.94,0.0,4021795910190000.0
Ondo US Dollar Yield,USDY,1.12,0.0,11829341050000.0
Beldex,BDX,0.08109,0.0,9544863117700000.0
Usual USD,USD0,0.9971,0.0,649470651350.0
GHO,GHO,0.999,0.0,18434081840000.0
USDai,USDAI,0.9991,0.0,17415711739999.998
Fasttoken,FTN,1.08,0.0,1229053611300000.0
c8ntinuum,CTM,0.09548,0.0,112131211740000.0
Legacy Frax Dollar,FRAX,0.9913,0.0,49354614970000.0
Undeads Games,UDS,2.18,0.0,516242236100.0
Ultima,ULTIMA,5744.43,0.0,157812012740.0
Ape and Pepe,APEPE,0.05101,0.0,0.0
Doge Killer,LEASH,0.0001926,0.0,909547200000.0
Qubic,QUBIC,0.065166,0.0,0.0
Axelar,AXL,0.06196,0.0,4.12999016665e+16
Alchemist AI,ALCH,0.08121,0.0,2.153708426519e+16
MindWaveDAO,NILA,0.08129,0.0,3870514760000.0
VVS Finance,VVS,0.051567,0.0,6.0143338377e+17
Paycoin,PCI,0.06419,0.0,5548918640000.0
Tesla tokenized stock (xStock),TSLAX,414.26,0.0,3516079084870.0
aelf,ELF,0.08307,0.0,197974823830000.0
Waves,WAVES,0.5549,0.0,2766347949850000.0
Kava,KAVA,0.06141,0.0,569009692650000.0
Alphabet Class A Tokenized Stock (Ondo),GOOGLon,338.05,0.0,359756110640.0
InitVerse,INI,0.1211,0.0,139380111500000.0
AI Rig Complex,ARC,0.06617,0.0,1.949052529453e+16
Moca Network,MOCA,0.01669,0.0,6276510375900000.0
SushiSwap,SUSHI,0.2267,0.0,1337801559000000.0
Pax Dollar,USDP,0.9988,0.0,943464944500.0
GeorgePlaysClashRoyale,CLASH,0.04704,0.0,225282947880000.0
Pundi X (New),PUNDIX,0.1809,0.0,233711112910000.0
BORA,BORA,0.04235,0.0,5082243119980000.0
Chia,XCH,3.22,0.0,2949670915420.0
Terra,LUNA,0.06452,0.0,1.093477916946e+16
LCX,LCX,0.04806,0.0,103803021590000.0
Tether EURt,EURt,1.25,0.0,0.0
Storj,STORJ,0.1075,0.0,804903874850000.0
Enjin Coin,ENJ,0.02335,0.0,6810870291560000.0
Constellation,DAG,0.01549,0.0,1756635113340000.0
SKALE,SKL,0.007296,0.0,1.3941090191e+17
EGL1,EGL1,0.04429,0.0,417835194320000.0
Notcoin,NOT,0.0004406,0.0,8.858139201e+17
AI Analysis Token,AIAT,0.2987,0.0,3685821230000.0
Banana For Scale,BANANAS31,0.003379,0.0,7.577458224e+16
Cyber,CYBER,0.5733,0.0,8.803323915353e+16
Particle Network,PARTI,0.07619,0.0,7923313103990000.0
GoPlus Security,GPS,0.007967,0.0,2.4138715302e+17
OWB,OWB,0.07377,0.0,247075233480000.0
Acurast,ACU,0.1547,0.0,1.975842212769e+16
IQ,IQ,0.001346,0.0,1.788626132e+16
WAX,WAXP,0.007374,0.0,5553418753070000.0
OpenLedger,OPEN,0.1549,0.0,1173147275700000.0
Giggle Fund,GIGGLE,33.56,0.0,20196593601790.0
Shentu,CTK,0.2143,0.0,21213249890000.0
Space and Time,SXT,0.02374,0.0,7948996334790000.0
Civic,CVC,0.03321,0.0,4951848149080000.0
Kyber Network Crystal v2,KNC,0.1732,0.0,534682830860000.0
Liquity USD,LUSD,0.9999,0.0,323897323920.0
Hippo Protocol,HP,0.01968,0.0,107092354410000.0
Chromia,CHR,0.02948,0.0,3740583126840000.0
Global Commercial Business,GCB,0.0208,0.0,41019680.0
Hivemapper,HONEY,0.004497,0.0,651645144890000.0
Bifrost,BFC,0.01796,0.0,94578352640000.0
Isiklar Coin,ISIKC,0.2474,0.0,4535031830000.0
Goatseus Maximus,GOAT,0.02462,0.0,4956770201320000.0
Smooth Love Potion,SLP,0.0006747,0.0,2.90325043e+16
Limitless,LMTS,0.1855,0.0,371183420000000.0
Enso,ENSO,1.18,0.0,7809520765930000.0
Phala Network,PHA,0.02939,0.0,9724960330780000.0
wojak (wojakcto.com),WOJAK,0.077321,0.0,0.0
Coin98,C98,0.02433,0.0,3.5035432143e+17
Sapien,SAPIEN,0.09731,0.0,517482453170000.0
Wirex Token,WXT,0.002414,0.0,298984123840000.0
Osaka Protocol,OSAK,0.07246,0.0,2.198789359e+16
Chainbase,C,0.0601,0.0,286864047720000.0
Avail,AVAIL,0.005008,0.0,789335157590000.0
AVA (Travala),AVA,0.2593,0.0,496074519120000.0
OG Fan Token,OG,4.0,0.0,4070970210160000.0
iShares 20+ Year Treasury Bond Tokenized ETF (Ondo),TLTon,88.69,0.0,218011324570.0
Sharp,SHARP,0.00677,0.0,40254059450000.0
Wilder World,WILD,0.03771,0.0,3433109100000.0
Tesla Tokenized Stock (Ondo),TSLAon,415.3,0.0,852519820520.0
CoinEx Token,CET,0.02557,0.0,828703240000.0
Magma Finance,MAGMA,0.09479,0.0,264235927870000.0
Humidifi,WET,0.07807,0.0,1.349741317288e+16
Lava Network,LAVA,0.06764,0.0,328970748630000.0
Ponke,PONKE,0.03198,0.0,3698553115620000.0
Solend,SLND,0.1775,0.0,136767.9
CZ's Dog,BROCCOLI,0.01448,0.0,1.05749597302e+16
StablR Euro,EURR,1.18,0.0,48810484130000.0
Talus,US,0.00637,0.0,6.4167501e+16
Initia,INIT,0.07751,0.0,1.086977414022e+16
Alpha Quark Token,AQT,0.5223,0.0,23189254430000.0
Moss Coin,MOC,0.03175,0.0,103552932610000.0
Bone ShibaSwap,BONE,0.06063,0.0,71789811830000.0
LimeWire,LMWR,0.03101,0.0,81834326380000.0
Vanar Chain,VANRY,0.006108,0.0,2775735454380000.0
CONX,XPLA,0.0153,0.0,22333414580000.0
aPriori,APR,0.07397,0.0,576814277970000.0
FC Porto Fan Token,PORTO,1.05,0.0,24109722280000.0
Argentine Football Association Fan Token,ARG,0.8413,0.0,13958041650000.0
Hashflow,HFT,0.01952,0.0,6333822324320000.0
XSGD,XSGD,0.7873,0.0,433547550600.0
Solv Protocol,SOLV,0.007566,0.0,1.1626781153e+17
iShares TIPS Bond Tokenized ETF (Ondo),TIPon,111.89,0.0,140112.52
PIVX,PIVX,0.1112,0.0,278688425040000.03
Just a chill guy,CHILLGUY,0.01116,0.0,3841113344060000.0
Scroll,SCR,0.05873,0.0,517808788160000.0
Real,REAL,0.01112,0.0,36267732580000.0
Apple tokenized stock (xStock),AAPLX,269.99,0.0,718317426600.0
4,4,0.01107,0.0,4161123375880000.0
Infinity Ground,AIN,0.04006,0.0,196325248990000.0
Fuel Network,FUEL,0.001535,0.0,9.763698635e+16
Enzyme,MLN,3.66,0.0,3190365870990.0
Phoenix,PHB,0.1742,0.0,213551912250000.0
Open Loot,OL,0.01393,0.0,1764996126620000.0
MyShell,SHELL,0.03369,0.0,4770233141550000.0
Kleros,PNK,0.01188,0.0,1156399720000.0
Yee Token,YEE,0.008739,0.0,1917119219360000.0
Mitosis,MITO,0.04798,0.0,343451071570000.0
iShares Russell 1000 Growth Tokenized ETF (Ondo),IWFon,456.15,0.0,20894.57
Badger DAO,BADGER,0.4301,0.0,5353781240000.0
Pikaboss,PIKA,0.072049,0.0,6869335110000000.0
Galeon,GALEON,0.01044,0.0,400543830000.0
Aspecta,ASP,0.0295,0.0,164349855710000.0
Broadcom Tokenized Stock (Ondo),AVGOon,310.01,0.0,656360021170.0
Grin,GRIN,0.03831,0.0,19063497530.0
Origin Dollar,OUSD,0.9969,0.0,163968164460.0
Arena-Z,A2Z,0.001067,0.0,3.5661933340000004e+16
Fartboy,FARTBOY,0.008422,0.0,922566109530000.0
Bulla,BULLA,0.03004,0.0,5.8370745194e+17
Zerebro,ZEREBRO,0.008406,0.0,2794390332410000.0
SLIMEX,SLX,0.00484,0.0,1555235321280000.0
Cointel,COLS,0.01244,0.0,2115455169990000.0
Bitboard,BB,0.001597,0.0,374781234590000.0
KONET,KONET,0.01707,0.0,20983912280000.0
Axiome,AXM,0.01083,0.0,15535714330000.0
Soil,SOIL,0.1078,0.0,40968379970.0
CREPE,CREPE,1.204e-05,0.0,5.635074676e+16
Stonks,STNK,12.02,0.0,992178250.0
Mamo,MAMO,0.01197,0.0,58600948940000.0
Ancient8,A8,0.01548,0.0,146272894450000.0
Swarm,BZZ,0.1322,0.0,3974503000000.0
NATIX Network,NATIX,0.0001707,0.0,4349822540000000.0
SUNDOG,SUNDOG,0.006942,0.0,4056514584300000.0
Avalon Labs (AVL),AVL,0.04252,0.0,7964078187260000.0
Divi,DIVI,0.001496,0.0,5701038090000.0
Bytecoin,BCN,3.706e-05,0.0,0.0
DACXI,DXI,0.0006102,0.0,332426544700000.0
GOLDAO,GOLDAO,0.00692,0.0,1126162670.0
SpaceN,SN,0.1369,0.0,0.0
Vita Inu,VINU,0.08609,0.0,0.0
Ski Mask Dog,SKI,0.005528,0.0,44659180770000.0
Not Pixel,PX,0.02795,0.0,574552050000.0
Kekius Maximus (kekiusmaximus.vip),KEKIUS,0.00543,0.0,1081981199240000.0
Covalent X Token,CXT,0.005466,0.0,44728381810000.0
Vara Network,VARA,0.001101,0.0,112554102150000.0
PumpBTC (Governance token),PUMP,0.01887,0.0,139440473850000.0
Games for a Living,GFAL,0.001421,0.0,6921148690000.0
Izumi Finance,IZI,0.00682,0.0,13636119990000.0
Meta tokenized stock (xStock),METAX,688.35,0.0,1099377415970.0
SpaceChain,SPC,0.01745,0.0,10301590220.0
Numbers Protocol,NUM,0.006079,0.0,16476827100000.0
OctaSpace,OCTA,0.1048,0.0,2698132570000.0
FEED EVERY GORILLA,FEG,4.899e-05,0.0,3507527150000000.0
Jager Hunter,JAGER,0.093138,0.0,0.0
Tenset,10SET,0.02988,0.0,1583415290000.0
Unagi Token,UNA,0.005795,0.0,25062143240000.0
HashAI,HASHAI,4.926e-05,0.0,2361794790000000.0
Honeywell tokenized stock (xStock),HONX,232.58,0.0,7487673210.0
Steem Dollars,SBD,0.4232,0.0,12061662840000.0
Tharwa,TRWA,0.0005912,0.0,496768840150000.0
Observer,OBSR,0.000655,0.0,1684825710000.0
Amazon tokenized stock (xStock),AMZNX,235.71,0.0,1690239871700.0
Eli Lilly Tokenized Stock (Ondo),LLYon,1005.82,0.0,94662639410.0
KaiChain,KAI,0.000861,0.0,79559230000.0
The Official 67 Coin,67,0.004102,0.0,2155996525590000.2
VitaDAO,VITA,0.2903,0.0,646622260.0
Fei USD,FEI,0.9853,0.0,2232822660.0
Komodo,KMD,0.02487,0.0,1691616790000.0
Hathor,HTR,0.006594,0.0,34932152960000.0
memes will continue,memes,0.00338,0.0,4.206562124e+16
Populous,PPT,0.06342,0.0,741160.0
Djed,DJED,1.01,0.0,109541107560.0
UNCX Network,UNCX,71.72,0.0,11891165.79
DeepNode,DN,0.1486,0.0,286293319260000.0
QuStream,QST,0.004439,0.0,7199616210000.0
Dero,DERO,0.232,0.0,396917100.0
Seedify.fund,SFUND,0.03742,0.0,3216758590000.0
STUFF.io,STUFF,0.0009926,0.0,1115211230000.0
LumiWave,LWA,0.004276,0.0,719217168160000.0
Zeus Network,ZEUS,0.008147,0.0,1013561124390000.0
Adappter Token,ADP,0.0007068,0.0,334102472660000.0
Swarm Markets,SMT,0.03242,0.0,899612770000.0
Aragon,ANT,0.06299,0.0,0.0
Botto,BOTTO,0.05764,0.0,622061070000.0
AOL (America Online),AOL,0.002721,0.0,1110941408140000.1
Handshake,HNS,0.00401,0.0,94632350000.0
Astroon,AST,0.004412,0.0,19028943120000.0
Forest Protocol,FOREST,0.02446,0.0,1853507570000.0
Yala,YALA,0.009785,0.0,82513784310000.0
My Lovely Planet,MLC,0.02746,0.0,41197314990000.0
Nexera,NXRA,0.002572,0.0,4914419100000.0
USD Coin (Wormhole),USDC(WormHole),0.9904,0.0,233476235730.0
Kadena,KDA,0.008013,0.0,572567140000.0
Mysterium,MYST,0.1339,0.0,82010612120.0
Uranus,URANUS,0.02665,0.0,138028351780000.0
Palantir tokenized stock (xStock),PLTRX,155.72,0.0,104944673.92
MIA,MIA,0.01906,0.0,7565396770.0
Anthropic tokenized stock (PreStocks),ANTHROPIC,390.7,0.0,321746823.5
Cellframe,CELL,0.07662,0.0,5375187010000.0
TaleX,X,0.01459,0.0,507273470000.0
IBM Tokenized Stock (Ondo),IBMon,289.21,0.0,14465715000.0
Phoenixcoin,PXC,0.02348,0.0,1847850.0
Ethervista,VISTA,2.32,0.0,299935129060.0
三维威廉泰尔企鹅 (Vulgar Penguin),恶俗企鹅,0.002173,0.0,1727864794850000.0
Pepe Unchained (New),PEPU,0.0002044,0.0,2246941089999999.8
OciCat,OCICAT,0.086763,0.0,0.0
Hoge Finance,HOGE,0.055462,0.0,0.0
Jesus Coin,JESUS,0.071415,0.0,5203367640000000.0
Trading and Payment Token,TPTU,0.1417,0.0,1463451030000.0
Verasity,VRA,2.284e-05,0.0,1.6277177125e+17
Nodle,NODL,0.0003358,0.0,88138262450000.0
Symbiosis,SIS,0.01821,0.0,46870025730000.0
LUCA,LUCA,0.2618,0.0,106201405540.0
黑马,黑马,0.001775,0.0,1527126860040000.0
Ref Finance,REF,0.03896,0.0,641630.0
KiloEx,KILO,0.008363,0.0,41658349810000.0
BeB,BEB1M,0.001762,0.0,13835478470000.0
CaptainBNB,CaptainBNB,0.002011,0.0,18302090980000.0
U,U,0.001757,0.0,156228890000.0
Samoyedcoin,SAMO,0.000476,0.0,117911247690000.0
Petrobras Tokenized Stock (Ondo),PBRon,15.08,0.0,1591504105470.0
Clore.ai,CLORE,0.002717,0.0,1111888409230000.0
Rai Reflex Index,RAI,3.08,0.0,267818680.0
RyuJin,RYU,0.081786,0.0,0.0
OpenGPU,OGPU,0.08731,0.0,1753612000000.0
Prosper,PROS,0.03333,0.0,760782280000.0
General Electric Tokenized Stock (Ondo),GEon,306.3,0.0,12198963980.0
Solanium,SLIM,0.01397,0.0,1082757740000.0
Wells Fargo Tokenized Stock (Ondo),WFCon,93.04,0.0,2042.18
Sentinel,P2P,4.153e-05,0.0,481431150000000.0
DeFi Kingdoms,JEWEL,0.01219,0.0,14411830.0
TOP AI Network,TOP,9.588e-05,0.0,3394383530000000.0
Bitcicoin,BITCI,0.0001779,0.0,0.0
OPEN tokenized stock (xStock),OPENX,5.24,0.0,1344256.41
Accenture Tokenized Stock (Ondo),ACNon,242.5,0.0,343863314170.0
Dingocoin,DINGO,1.181e-05,0.0,1.7728415e+16
BytomDAO,BTM,0.0008761,0.0,0.0
NanoByte Token,NBT,0.001435,0.0,1615611250000.0
Midas The Minotaur,MIDAS,0.0001522,0.0,35124230740000.004
SubQuery Network,SQT,0.0003776,0.0,77392204940000.0
Boeing Tokenized Stock (Ondo),BAon,229.37,0.0,19126438330.0
Stool Prisondente,JAILSTOOL,0.001129,0.0,228557202400000.0
Futu Holdings Tokenized Stock (Ondo),FUTUon,158.29,0.0,309509119550.0
zkRace,ZERC,0.00939,0.0,149001580000.0
Palantir Technologies Tokenized Stock (Ondo),PLTRon,156.27,0.0,18907422120990.0
BaaSid,BAAS,0.0001122,0.0,71153633730000.0
HELLO Labs,HELLO,0.001527,0.0,12508681880000.0
Pwease,PWEASE,0.001116,0.0,467576418840000.0
Xeleb Protocol,XCX,0.01029,0.0,41872640670000.0
Hege,HEGE,0.001111,0.0,143638129170000.0
Fluence,FLT,0.004307,0.0,14897534580000.0
Palu,PALU,0.001106,0.0,587005530630000.0
Airbnb Tokenized Stock (Ondo),ABNBon,123.71,0.0,356009928770.0
Cryptocurrency Coin,CRYPTO,0.001104,0.0,2831625620000.0
IDRX,IDRX,5.94e-05,0.0,6997117780000.0
yesnoerror,YNE,0.001096,0.0,623782568760000.0
JoJoWorld,JOJO,0.008084,905421.44905421,44532455080000.0
Meter Governance,MTRG,0.02803,904766.23904766,804192860000.0
Uber Tokenized Stock (Ondo),UBERon,77.45,904407.28904407,477306361620.0
ShareToken,SHR,0.0002501,904227.7904228,150514601640000.0
WUFFI,WUF,0.071094,903930.2690393,42338630000000.0
S&P Global Tokenized Stock (Ondo),SPGIon,471.05,902575.8902576,13752.91
Neurai,XNA,5.49e-05,901747.95901748,30183549680000.0
Flamengo Fan Token,MENGO,0.058,898956.3898956,961271650000.0
YooShi,YOOSHI,0.082473,898519.5689852,898519.5689852
Hakka.Finance,HAKKA,0.002241,897328.57897329,2781.53
Truth,TRUU,7.381e-05,896823.36896823,2355823190000000.0
UnitedHealth tokenized stock (xStock),UNHX,284.27,895464.6895465,147560519.07
META FINANCIAL AI,MEFAI,0.001548,895400.94895401,258611166990000.0
Spain National Fan Token,SNFT,0.03909,895364.17895364,608041550000.0
EQTY,EQTY,0.003068,893181.08893181,15688151110000.0
Thermo Fisher tokenized stock (xStock),TMOX,575.45,725067725067.0,600.1039
LayerEdge,EDGEN,0.002497,724310.2972431,2079967832770000.0
Procter & Gamble tokenized stock (xStock),PGX,158.04,719090.271909,3053951930.0
TROY,TROY,7.047e-05,704763.21704763,12924183370000.0
Crowny,CRWNY,0.001547,715421.28715421,31632040000.0
Omnity Convertible Token,OCT,0.007152,715253.16715253,600968400000.0
OUTLAW Crypto Games,OUTLAW,0.0007173,714078.94714079,1256117510000.0
Real Smurf Cat,SMURFCAT,0.057595,712540.4571254,7846410330000000.0
ZyFAI,ZFI,0.009074,711282.34711282,220362420000.0
BIG,BIG,0.0007112,711206.61711207,5099871700000.0
Unifi Protocol DAO,UNFI,0.07442,710658.43710658,3113644180000.0
TTcoin Network,TC,0.0001441,709239.9270924,2449901690000000.0
Deeper Network,DPR,0.000214,704828.76704829,44533208070000.0
Arm Holdings plc Tokenized Stock (Ondo),ARMon,101.99,704362.59704363,670328865710.0
AppLovin tokenized stock (xStock),APPX,451.41,699685.5699686,760816.85
POOH,POOH,0.081398,588216.05588216,0.0
Ultraround Money,CIRCLE,0.6718,586831.22586831,59098790.0
Danaher tokenized stock (xStock),DHRX,216.59,584813.45584813,31334144.66
Butthole Coin,BHC,0.0005846,584681.47584681,430272735890000.0
TRUST AI,TRT,0.1537,584402.65584403,52155339130.0
MilkyWay,MILK,0.001471,583133.97583134,1610910940000.0
Mastercard tokenized stock (xStock),MAX,555.02,582768.34582768,1172121.11
International Business Machines tokenized stock (xStock),IBMX,291.33,582660582660.0,4881.67
DomRaider,DRT,0.0009845,582390.89582391,582390.89582391
Optimus AI,OPTI,0.006124,582035.79582036,6969111370000.0
DeFi,DEFI,0.0003322,579912.97579913,184259554630000.0
MSTR2100,MSTR,0.02799,577958.15577958,34795812420000.0
Plugin Decentralized Oracle,PLI,0.003809,576560.73576561,7425119490000.0
Snowflake Tokenized Stock (Ondo),SNOWon,169.62,576220.86576221,195619311530.0
Nitro,NITRO,0.051368,574616.8574617,1.7798713009e+17
Redacted,RDAC,0.002085,472303.69472304,1566047751050000.0
Everest,ID,0.004045,472137.08472137,472137.08472137
Bridge AI,BRG,5.894e-05,471669.31471669,279647430000.0
Wing Finance,WING,0.08636,471654.6471655,1296351500000.0
Didi Bam Bam,DDBAM,0.02237,469908.2469908,373841670000.0
Rage Guy,RAGE,0.0004762,468614.91468615,41178640000.0
CrowdStrike tokenized stock (xStock),CRWDX,417.78,467919.9346792,358813858.84
RefundYourSOL,RYS,0.0004719,464651.14464651,29186180000.0
BullDogito,BDOGITO,0.001462,464647.1464647,290198240.0
Deutsche eMark,DEM,0.002935,464495.83464496,258660.00000000003
SaTT,SATT,0.0001431,464370.82464371,464370.82464371
PointPay,PXP,0.01541,462528.01462528,838075430000.0
Flying Ketamine Horse,FKH,0.0004686,462363.51462364,7765481650000000.0
DeFinder Capital,DFC,0.01739,461969.42461969,461969.42461969
Rift AI,RIFT,0.001735,459729.9745973,459729.9745973
Decimated,DIO,0.0006707,364367.92364368,79766118920000.0
Prism,PRISM,0.0006299,363570.8363571,1249619830000.0
All.Art Protocol,AART,8.701e-05,361612.92361613,13522155410000.0
The Black Whale (blackwhale.fun),BLACKWHALE,0.0003668,361287.92361288,1.495691407e+16
Forj (Bondly),BONDLY,0.0003664,360456.24360456,2372464730000.0
APF Coin,APFC,0.0107,359307.95359308,16615460.0
ASTROS,ASTROS,0.01408,359104.03359104,498183530000.0
FooDriver,FDC,0.0364,359003.5359004,1287783530000.0
Reflexer Ungovernance Token,FLX,1.85,358991.24358991,92204970.0
XANA,XETA,7.258e-05,357538.94357539,12251168770000.0
Burn,BURN,0.051879,357031.22357031,4552524220000000.0
TypeAI,TYPE,0.03564,356470.0235647,356470.0235647
Bubble,BUBBLE,9.647e-05,355641.62355642,17043176649999.998
Chihuahua,HUAHUA,0.053795,355093.56355094,577152020000.0
VinuChain,VC,0.0006314,354561.33354561,303573480780000.0
PARSIQ,PRQ,0.0009688,300584.18300584,129619133790000.0
Biometric Financial,BIOFI,7.63e-05,298666.97298667,55337725240000.0
CannabisCoin,CANN,0.00093,298659.26298659,298659.26298659
MineD,DIGI,1.191e-05,298574.63298575,742806230000000.0
Kasta,KASTA,0.0003898,298388.32298388,58970151270000.0
BNBXBT,BNBXBT,0.0002978,297877.89297878,1220440970000.0
OpenLeverage,OLE,0.001579,297875.62297876,120827650000.0
TERMINUS,TERMINUS,0.002965,296505.15296505,23934880720000.0
ANGL TOKEN,ANGL,0.001235,295494.52295495,653528410.0
CBPAY Global,CBPAY,7.98e-05,293732.5293733,3033790000.0
L7,LSD,0.007144,292506.22292506,65.67
Giveth,GIV,0.000762,292281.36292281,117153000.0
Etarn,ETAN,0.003459,291255.16291255,533645154230000.0
Ferro,FER,0.0003103,289375.12289375,2394877170000.0
Eliza (elizawakesup),ELIZA,0.0002887,288771.57288772,231731802410000.0
AppLovin Tokenized Stock (Ondo),APPon,502.54,236563.7236564,99193197.38
PlotX,PLOT,0.003561,236204.58236205,1113312550.0
LandX Finance,LNDX,0.01662,236017.07236017,169221010000.0
ORBIT,GRIFT,0.0002354,235406.98235407,136883581270000.02
MoonDAO,MOONEY,0.00017,233876.64233877,1216971550000.0
UNIT0,UNIT0,0.04579,233541.56233542,2381445190000.0
Hudi,HUDI,0.01153,232542.96232543,232542.96232543
Carlo,CARLO,0.0002505,232279.23232279,232279.23232279
Vertex Protocol,VRTX,0.0004394,232188.39232188,232188.39232188
Dypius [New],DYP,0.001008,231981.57231982,44314390000.0
Cortex,CTXC,0.000981,231392.93231393,5886560000000.0
RioDeFi,RFUEL,0.0006715,231390.1823139,1184117630000.0
Memes AI,MemesAI,0.000231,231015.52231016,156279676460000.0
Honeyland,HXD,0.0005739,229844.88229845,2244239100000.0
Rally,RLY,3.69e-05,229533.17229533,151841130000.0
TiFi Token,TIFI,0.082471,193858.5193859,83190000000.0
RigoBlock,GRG,0.07174,193774.77193775,193774.77193775
DMAIL Network,DMAIL,0.001573,193452.36193452,188137119520000.0
Make CRO Great Again,MCGA,0.0001922,192234.07192234,192234.07192234
Metaverse Face,MEFA,2.019e-05,192201.37192201,192201.37192201
Koala AI,KOKO,0.072105,191835.01191835,130061720000000.0
ETHEREUM IS GOOD,EBULL,1.91e-05,191047.68191048,191047.68191048
Gifto,GFT,8.448e-05,189125.02189125,16186380.0
WOM Protocol,WOM,0.0009788,188915.99188916,11130.0
Kaon,KAON,4.256e-05,188841.45188841,17100401700000.0
FREEdom Coin,FREE,0.071899,188775.89188776,0.0
FireStarter,FLAME,0.002752,188661.17188661,14335552080000.0
Mystery,MYSTERY,0.094479,188438.62188439,0.0
Plant Vs Undead,PVU,0.000634,188267.22188267,2466438900000.0
STARS,STARS,0.054469,188028.43188028,188028.43188028
TradeTide,TTD,0.001089,149823.15149823,933069856320000.0
WTF Opossum,WTFO,0.0001763,149682.87149683,15608840000.0
Kunci Coin,KUNCI,0.0001213,149572.52149573,149572.52149573
Joystream,JOY,0.0001336,149552.13149552,111888837210000.0
BeFi Labs,BEFI,0.001919,149027.88149028,15528680900000.0
Aurigami,PLY,3.595e-05,148397.93148398,148397.93148398
Landwolf (landwolfcoin),WOLF,0.0003796,148277.2148277,148277.2148277
MIBR Fan Token,MIBR,0.0236,147648.48147648,147648.48147648
Blockchain Monster Hunt,BCMC,0.0006012,146390.2714639,146390.2714639
Memhash,MEMHASH,0.0001733,146210.2914621,52053300250000.0
SENATE,SENATE,0.0009912,145689.8614569,26882710000.0
Large Language Model,LLM,0.0001451,145173.88145174,2090151430000000.0
FCK925,FCK925,0.0001442,144227.41144227,6224300000.0
EAGLEBUILDER,E,0.0001441,144192.05144192,337423400000.0
Fruits,FRTS,0.056838,144058.54144059,7690511240000000.0
Edge Matrix Chain,EMC,0.0005712,116807.51116808,1318423080000.0
littlemanyu,MANYU,0.0001168,116793.57116794,116793.57116794
PrompTale AI,TALE,0.001146,116243.31116243,150442131220000.0
Morpheus Infrastructure Node,MIND,8.498e-05,116107.42116107,116107.42116107
OneLedger,OLT,0.0002287,115959.17115959,175266766200000.0
Coinye West,COINYE,0.0001445,115819.811582,1801240000.0
Lou,LOU,0.0001154,115397.21115397,115397.21115397
The ChampCoin,TCC,0.002305,115264.2115264,156350.0
Karat,KAT,0.0004506,115163.96115164,1198726590000.0
QnA3.AI,GPT,0.000138,114770.1511477,15748114100000.0
Wrapped Dog,WDOG,0.0001146,114651.28114651,1435781250000000.0
stabble,STB,0.001551,114650.89114651,147059470000.0
Pip,PIP,0.00021,114454.74114455,16968070000.0
The First Youtube Cat,PAJAMAS,0.0001166,114303.92114304,1081850.0
X,X,0.061218,114254.53114255,114254.53114255
OpenDAO,SOS,0.098736,87360.238736,87360.238736
Pentagon Games,PEN,0.0001832,87056.8787057,25180137370000.0
VoluMint,VMINT,0.0001573,86900.21869,132836519.99999999
Hourglass,WAIT,0.0008837,86390.8186391,86390.8186391
MetalCore,MCG,0.0001933,86112.1586112,86112.1586112
APED,APED,0.08794,85705.485705,85705.485705
Redbrick,BRIC,0.0003642,85647.4885647,82174225570000.0
DeepLink Protocol,DLC,0.056515,85551.6285552,121771860000000.0
Stabull Finance,STABUL,0.0575,84894.1984894,35605.95
Top Hat,HAT,8.57e-05,84843.9884844,61789720980000.0
el gato,ELGATO,0.058428,84265.4884265,73787430000.0
Messiah,MSIA,0.01161,84025.5784026,3925338020.0
Databot,DATA,9.055e-05,82935.5682936,82935.5682936
Solana Swap,SOS,8.273e-05,82732.8282733,82732.8282733
henlo,HENLO,0.094128,82361.182361,82361.182361
Aster Dog,ADOG,6.895e-05,64468.6464469,158122930000.0
Noggles,NOGS,0.052208,63999.363999,63999.363999
Chain of Legends,CLEG,0.0003588,63905.5663906,884324640000.0
Avocado DAO Token,AVG,0.002506,63835.7963836,63835.7963836
Mint Club V1,MINT,0.061537,63792.263792,63792.263792
Aimedis (new),AIMX,0.0001914,63740.036374,63740.036374
Bridge Mutual,BMI,0.000983,63600.16636,76860.0
Aster Inu,ASTERINU,6.402e-05,63380.126338,344553810000.0
Mettalex,MTLX,0.05632,63256.4763256,981730.0
Satoshi Island,STC,0.004642,63042.4963042,63042.4963042
sunpepe,SUNPEPE,6.298e-05,62986.862987,62986.862987
Sato The Dog,SATO,0.061494,62863.5162864,281418830000000.03
O3 Swap,O3,0.001105,62841.9562842,1925.74
Thorstarter,XRUNE,0.0007732,62395.9662396,744962520.0
Defina Finance,FINA,0.0006373,62277.6462278,78121930.0
8PAY,8PAY,0.0007806,46849.2946849,46849.2946849
Lunos,UNO,0.0004156,46374.4646374,2619763020000.0
DOGEFATHER,DOGEFATHER,4.602e-05,46024.4346024,46024.4346024
Darwin,DARWIN,0.0001145,45801.7845802,45801.7845802
Hiblocks,HIBS,0.05451,45495.7645496,175393880000000.0
Trumpius Maximus,TRUMPIUS,0.0009777,45122.3945122,45122.3945122
Boochie by Matt Furie,BOOCHIE,0.09107,45040.324504,0.0
Peanut,PEANUT,0.061099,45021.1845021,45021.1845021
APYSwap,APYS,0.002474,45014.0645014,196397930000.0
XYRO,XYRO,9.701e-05,44853.7444854,1906121960000000.0
Sakai Vault,SAKAI,0.02149,44730.124473,44730.124473
KILT Protocol [New],KILT,0.000232,44496.1844496,44496.1844496
GameCredits,GAME,0.0002292,44442.1244442,44442.1244442
DecentralGPT,DGC,0.062819,44322.4644322,321111380000000.0
Striker League,MBS,7.058e-05,44148.2244148,891250000.0
Flavia Is Online,FLAVIA,3.004e-05,30047.1430047,259790.00000000003
MetaQ,METAQ,0.01151,29693.4829693,1019278840000.0
Akuma Inu,$AKUMA,0.07442,29468.229468,52611890000000.0
MOONDOGE,MOONDOGE,2.985e-05,29427.9629428,4290143690000.0005
Virtue Poker,VPP,0.0002742,29338.7429339,3711350000.0
UFOPepe,UFO,2.926e-05,29259.752926,29259.752926
OneArt,1ART,0.0002036,29209.2629209,29209.2629209
XP NETWORK,XPNET,0.0002208,29123.7729124,1775160.0
COGI,COGI,0.0004696,28924.0628924,32336880000.0
Galactic Quadrant,GQ,0.054833,28679.1728679,28679.1728679
LitLab Games,LITT,9.752e-05,28459.128459,28459.128459
Smart Layer Network,SLN,0.0006487,28384.7828385,413635930.0
YFDAI.FINANCE,YF-DAI,7.11,28370.8228371,1331186.99
Esporte Clube Bahia Fan Token,BAHIA,0.02852,28218.7828219,28218.7828219
GG3,GGX,0.0005391,28151.3328151,28151.3328151
